Year,ID,Num_Vehicles,Type,Fuel,Distance_bucket,Distance_per_vehicle(km)
2023,BEV_S1_2023,1,Use,Electricity,D1,102000.0
2023,LNG_S1_2023,8,Use,LNG,D1,102000.0
2023,LNG_S1_2023,26,Use,LNG,D2,102000.0
2023,LNG_S1_2023,33,Use,LNG,D3,102000.0
2023,Diesel_S1_2023,1,Use,HVO,D4,102000.0
2023,LNG_S1_2023,4,Use,LNG,D4,102000.0
2023,BEV_S2_2023,1,Use,Electricity,D1,106000.0
2023,Diesel_S2_2023,1,Use,HVO,D1,106000.0
2023,LNG_S2_2023,8,Use,LNG,D1,106000.0
2023,LNG_S2_2023,14,Use,LNG,D2,106000.0
2023,LNG_S2_2023,8,Use,LNG,D3,106000.0
2023,Diesel_S2_2023,2,Use,HVO,D4,106000.0
2023,BEV_S4_2023,1,Use,Electricity,D1,118000.0
2023,Diesel_S4_2023,1,Use,HVO,D2,118000.0
2023,LNG_S4_2023,6,Use,LNG,D2,118000.0
2023,LNG_S4_2023,2,Use,LNG,D3,118000.0
2023,Diesel_S4_2023,1,Use,HVO,D4,118000.0
2023,BEV_S3_2023,1,Use,Electricity,D1,73000.0
2023,LNG_S3_2023,29,Use,LNG,D1,73000.0
2023,LNG_S3_2023,34,Use,LNG,D2,73000.0
2023,LNG_S3_2023,14,Use,LNG,D3,73000.0
2023,Diesel_S3_2023,1,Use,HVO,D4,73000.0
2023,LNG_S3_2023,2,Use,LNG,D4,73000.0
2024,BEV_S1_2023,1,Use,Electricity,D1,102000.0
2024,BEV_S1_2024,1,Use,Electricity,D1,102000.0
2024,Diesel_S1_2024,1,Use,HVO,D1,102000.0
2024,LNG_S1_2023,6,Use,LNG,D1,102000.0
2024,LNG_S1_2023,27,Use,LNG,D2,102000.0
2024,LNG_S1_2023,33,Use,LNG,D3,102000.0
2024,LNG_S1_2023,4,Use,LNG,D4,102000.0
2024,LNG_S1_2024,1,Use,LNG,D4,102000.0
2024,BEV_S2_2023,1,Use,Electricity,D1,106000.0
2024,BEV_S2_2024,1,Use,Electricity,D1,106000.0
2024,Diesel_S2_2024,1,Use,HVO,D1,106000.0
2024,LNG_S2_2023,6,Use,LNG,D1,106000.0
2024,LNG_S2_2024,1,Use,LNG,D1,106000.0
2024,LNG_S2_2023,14,Use,LNG,D2,106000.0
2024,LNG_S2_2023,8,Use,LNG,D3,106000.0
2024,LNG_S2_2023,2,Use,LNG,D4,106000.0
2024,BEV_S4_2024,1,Use,Electricity,D1,118000.0
2024,LNG_S4_2023,7,Use,LNG,D2,118000.0
2024,LNG_S4_2023,1,Use,LNG,D3,118000.0
2024,LNG_S4_2024,1,Use,LNG,D3,118000.0
2024,Diesel_S4_2024,1,Use,HVO,D4,118000.0
2024,BEV_S3_2023,1,Use,Electricity,D1,73000.0
2024,BEV_S3_2024,1,Use,Electricity,D1,73000.0
2024,LNG_S3_2023,29,Use,LNG,D1,73000.0
2024,LNG_S3_2023,34,Use,LNG,D2,73000.0
2024,LNG_S3_2023,15,Use,LNG,D3,73000.0
2024,Diesel_S3_2024,1,Use,HVO,D4,73000.0
2024,LNG_S3_2023,1,Use,LNG,D4,73000.0
2024,LNG_S3_2024,1,Use,LNG,D4,73000.0
2025,BEV_S1_2023,1,Use,Electricity,D1,102000.0
2025,BEV_S1_2024,1,Use,Electricity,D1,102000.0
2025,BEV_S1_2025,1,Use,Electricity,D1,102000.0
2025,Diesel_S1_2025,1,Use,HVO,D1,102000.0
2025,LNG_S1_2023,5,Use,LNG,D1,102000.0
2025,LNG_S1_2023,28,Use,LNG,D2,102000.0
2025,LNG_S1_2023,34,Use,LNG,D3,102000.0
2025,LNG_S1_2023,3,Use,LNG,D4,102000.0
2025,LNG_S1_2024,1,Use,LNG,D4,102000.0
2025,LNG_S1_2025,1,Use,LNG,D4,102000.0
2025,BEV_S2_2023,1,Use,Electricity,D1,106000.0
2025,BEV_S2_2024,1,Use,Electricity,D1,106000.0
2025,BEV_S2_2025,1,Use,Electricity,D1,106000.0
2025,Diesel_S2_2025,1,Use,HVO,D1,106000.0
2025,LNG_S2_2023,5,Use,LNG,D1,106000.0
2025,LNG_S2_2024,1,Use,LNG,D1,106000.0
2025,LNG_S2_2025,1,Use,LNG,D1,106000.0
2025,LNG_S2_2023,14,Use,LNG,D2,106000.0
2025,LNG_S2_2023,8,Use,LNG,D3,106000.0
2025,LNG_S2_2023,2,Use,LNG,D4,106000.0
2025,BEV_S4_2025,1,Use,Electricity,D1,118000.0
2025,LNG_S4_2023,6,Use,LNG,D2,118000.0
2025,LNG_S4_2024,1,Use,LNG,D2,118000.0
2025,Diesel_S4_2025,1,Use,HVO,D3,118000.0
2025,LNG_S4_2025,1,Use,LNG,D3,118000.0
2025,LNG_S4_2023,1,Use,LNG,D4,118000.0
2025,BEV_S3_2023,1,Use,Electricity,D1,73000.0
2025,BEV_S3_2024,1,Use,Electricity,D1,73000.0
2025,BEV_S3_2025,1,Use,Electricity,D1,73000.0
2025,Diesel_S3_2025,1,Use,HVO,D1,73000.0
2025,LNG_S3_2023,28,Use,LNG,D1,73000.0
2025,LNG_S3_2023,35,Use,LNG,D2,73000.0
2025,LNG_S3_2023,14,Use,LNG,D3,73000.0
2025,LNG_S3_2025,1,Use,LNG,D3,73000.0
2025,LNG_S3_2023,2,Use,LNG,D4,73000.0
2025,LNG_S3_2024,1,Use,LNG,D4,73000.0
2026,BEV_S1_2023,1,Use,Electricity,D1,102000.0
2026,BEV_S1_2024,1,Use,Electricity,D1,102000.0
2026,BEV_S1_2025,1,Use,Electricity,D1,102000.0
2026,BEV_S1_2026,1,Use,Electricity,D1,102000.0
2026,LNG_S1_2023,5,Use,LNG,D1,102000.0
2026,Diesel_S1_2026,1,Use,HVO,D2,102000.0
2026,LNG_S1_2023,28,Use,LNG,D2,102000.0
2026,LNG_S1_2023,35,Use,LNG,D3,102000.0
2026,LNG_S1_2023,2,Use,LNG,D4,102000.0
2026,LNG_S1_2024,1,Use,LNG,D4,102000.0
2026,LNG_S1_2025,1,Use,LNG,D4,102000.0
2026,LNG_S1_2026,1,Use,LNG,D4,102000.0
2026,BEV_S2_2023,1,Use,Electricity,D1,106000.0
2026,BEV_S2_2024,1,Use,Electricity,D1,106000.0
2026,BEV_S2_2025,1,Use,Electricity,D1,106000.0
2026,BEV_S2_2026,1,Use,Electricity,D1,106000.0
2026,LNG_S2_2023,5,Use,LNG,D1,106000.0
2026,LNG_S2_2024,1,Use,LNG,D1,106000.0
2026,LNG_S2_2026,1,Use,LNG,D1,106000.0
2026,Diesel_S2_2026,1,Use,HVO,D2,106000.0
2026,LNG_S2_2023,13,Use,LNG,D2,106000.0
2026,LNG_S2_2023,8,Use,LNG,D3,106000.0
2026,LNG_S2_2023,2,Use,LNG,D4,106000.0
2026,BEV_S4_2025,1,Use,Electricity,D1,118000.0
2026,BEV_S4_2026,1,Use,Electricity,D2,118000.0
2026,Diesel_S4_2026,1,Use,HVO,D2,118000.0
2026,LNG_S4_2023,2,Use,LNG,D2,118000.0
2026,LNG_S4_2024,1,Use,LNG,D2,118000.0
2026,LNG_S4_2025,1,Use,LNG,D2,118000.0
2026,LNG_S4_2026,1,Use,LNG,D2,118000.0
2026,LNG_S4_2023,2,Use,LNG,D3,118000.0
2026,LNG_S4_2023,1,Use,LNG,D4,118000.0
2026,BEV_S3_2023,1,Use,Electricity,D1,73000.0
2026,BEV_S3_2024,1,Use,Electricity,D1,73000.0
2026,BEV_S3_2025,1,Use,Electricity,D1,73000.0
2026,BEV_S3_2026,1,Use,Electricity,D1,73000.0
2026,LNG_S3_2023,28,Use,LNG,D1,73000.0
2026,LNG_S3_2023,35,Use,LNG,D2,73000.0
2026,LNG_S3_2023,16,Use,LNG,D3,73000.0
2026,Diesel_S3_2026,1,Use,HVO,D4,73000.0
2026,LNG_S3_2024,1,Use,LNG,D4,73000.0
2026,LNG_S3_2025,1,Use,LNG,D4,73000.0
2026,LNG_S3_2026,1,Use,LNG,D4,73000.0
2027,BEV_S1_2023,1,Use,Electricity,D1,102000.0
2027,BEV_S1_2024,1,Use,Electricity,D1,102000.0
2027,BEV_S1_2025,1,Use,Electricity,D1,102000.0
2027,BEV_S1_2026,1,Use,Electricity,D1,102000.0
2027,BEV_S1_2027,1,Use,Electricity,D1,102000.0
2027,Diesel_S1_2027,1,Use,HVO,D1,102000.0
2027,LNG_S1_2024,1,Use,LNG,D1,102000.0
2027,LNG_S1_2025,1,Use,LNG,D1,102000.0
2027,LNG_S1_2026,1,Use,LNG,D1,102000.0
2027,LNG_S1_2027,1,Use,LNG,D1,102000.0
2027,Diesel_S1_2026,1,Use,HVO,D2,102000.0
2027,LNG_S1_2023,29,Use,LNG,D2,102000.0
2027,LNG_S1_2023,36,Use,LNG,D3,102000.0
2027,LNG_S1_2023,5,Use,LNG,D4,102000.0
2027,BEV_S2_2023,1,Use,Electricity,D1,106000.0
2027,BEV_S2_2024,1,Use,Electricity,D1,106000.0
2027,BEV_S2_2025,1,Use,Electricity,D1,106000.0
2027,BEV_S2_2026,1,Use,Electricity,D1,106000.0
2027,BEV_S2_2027,1,Use,Electricity,D1,106000.0
2027,Diesel_S2_2027,1,Use,HVO,D1,106000.0
2027,LNG_S2_2023,2,Use,LNG,D1,106000.0
2027,LNG_S2_2024,1,Use,LNG,D1,106000.0
2027,LNG_S2_2026,1,Use,LNG,D1,106000.0
2027,LNG_S2_2027,1,Use,LNG,D1,106000.0
2027,LNG_S2_2023,14,Use,LNG,D2,106000.0
2027,LNG_S2_2023,9,Use,LNG,D3,106000.0
2027,LNG_S2_2023,2,Use,LNG,D4,106000.0
2027,BEV_S4_2025,1,Use,Electricity,D1,118000.0
2027,BEV_S4_2026,1,Use,Electricity,D2,118000.0
2027,BEV_S4_2027,1,Use,Electricity,D2,118000.0
2027,Diesel_S4_2027,1,Use,HVO,D2,118000.0
2027,LNG_S4_2023,3,Use,LNG,D2,118000.0
2027,LNG_S4_2026,1,Use,LNG,D2,118000.0
2027,LNG_S4_2027,1,Use,LNG,D2,118000.0
2027,LNG_S4_2023,1,Use,LNG,D3,118000.0
2027,LNG_S4_2024,1,Use,LNG,D3,118000.0
2027,LNG_S4_2025,1,Use,LNG,D4,118000.0
2027,BEV_S3_2023,1,Use,Electricity,D1,73000.0
2027,BEV_S3_2024,1,Use,Electricity,D1,73000.0
2027,BEV_S3_2025,1,Use,Electricity,D1,73000.0
2027,LNG_S3_2023,30,Use,LNG,D1,73000.0
2027,BEV_S3_2026,1,Use,Electricity,D2,73000.0
2027,BEV_S3_2027,1,Use,Electricity,D2,73000.0
2027,LNG_S3_2023,33,Use,LNG,D2,73000.0
2027,LNG_S3_2025,1,Use,LNG,D2,73000.0
2027,LNG_S3_2023,16,Use,LNG,D3,73000.0
2027,Diesel_S3_2027,1,Use,HVO,D4,73000.0
2027,LNG_S3_2024,1,Use,LNG,D4,73000.0
2027,LNG_S3_2026,1,Use,LNG,D4,73000.0
2027,LNG_S3_2027,1,Use,LNG,D4,73000.0
2028,BEV_S1_2023,1,Use,Electricity,D1,102000.0
2028,BEV_S1_2024,1,Use,Electricity,D1,102000.0
2028,BEV_S1_2025,1,Use,Electricity,D1,102000.0
2028,LNG_S1_2023,6,Use,LNG,D1,102000.0
2028,LNG_S1_2024,1,Use,LNG,D1,102000.0
2028,BEV_S1_2026,1,Use,Electricity,D2,102000.0
2028,BEV_S1_2027,1,Use,Electricity,D2,102000.0
2028,BEV_S1_2028,1,Use,Electricity,D2,102000.0
2028,Diesel_S1_2027,1,Use,HVO,D2,102000.0
2028,Diesel_S1_2028,1,Use,HVO,D2,102000.0
2028,LNG_S1_2023,22,Use,LNG,D2,102000.0
2028,LNG_S1_2025,1,Use,LNG,D2,102000.0
2028,LNG_S1_2026,1,Use,BioLNG,D2,102000.0
2028,LNG_S1_2027,1,Use,BioLNG,D2,102000.0
2028,LNG_S1_2028,1,Use,BioLNG,D2,102000.0
2028,LNG_S1_2023,37,Use,LNG,D3,102000.0
2028,LNG_S1_2023,5,Use,LNG,D4,102000.0
2028,BEV_S2_2023,1,Use,Electricity,D1,106000.0
2028,BEV_S2_2024,1,Use,Electricity,D1,106000.0
2028,BEV_S2_2025,1,Use,Electricity,D1,106000.0
2028,LNG_S2_2023,7,Use,LNG,D1,106000.0
2028,LNG_S2_2024,1,Use,LNG,D1,106000.0
2028,BEV_S2_2026,1,Use,Electricity,D2,106000.0
2028,BEV_S2_2027,1,Use,Electricity,D2,106000.0
2028,BEV_S2_2028,1,Use,Electricity,D2,106000.0
2028,LNG_S2_2023,12,Use,LNG,D2,106000.0
2028,Diesel_S2_2028,1,Use,HVO,D3,106000.0
2028,LNG_S2_2023,7,Use,LNG,D3,106000.0
2028,LNG_S2_2026,1,Use,LNG,D3,106000.0
2028,LNG_S2_2027,1,Use,BioLNG,D4,106000.0
2028,LNG_S2_2028,1,Use,LNG,D4,106000.0
2028,BEV_S4_2025,1,Use,Electricity,D1,118000.0
2028,BEV_S4_2026,1,Use,Electricity,D2,118000.0
2028,BEV_S4_2027,1,Use,Electricity,D2,118000.0
2028,BEV_S4_2028,1,Use,Electricity,D2,118000.0
2028,LNG_S4_2023,2,Use,BioLNG,D2,118000.0
2028,LNG_S4_2024,1,Use,BioLNG,D2,118000.0
2028,LNG_S4_2026,1,Use,LNG,D2,118000.0
2028,LNG_S4_2028,1,Use,BioLNG,D2,118000.0
2028,Diesel_S4_2028,1,Use,HVO,D3,118000.0
2028,LNG_S4_2027,1,Use,BioLNG,D3,118000.0
2028,LNG_S4_2023,1,Use,BioLNG,D4,118000.0
2028,BEV_S3_2023,1,Use,Electricity,D1,73000.0
2028,BEV_S3_2024,1,Use,Electricity,D1,73000.0
2028,BEV_S3_2025,1,Use,Electricity,D1,73000.0
2028,LNG_S3_2023,30,Use,LNG,D1,73000.0
2028,LNG_S3_2028,1,Use,BioLNG,D1,73000.0
2028,BEV_S3_2026,1,Use,Electricity,D2,73000.0
2028,BEV_S3_2027,1,Use,Electricity,D2,73000.0
2028,BEV_S3_2028,1,Use,Electricity,D2,73000.0
2028,LNG_S3_2023,33,Use,LNG,D2,73000.0
2028,LNG_S3_2027,1,Use,BioLNG,D2,73000.0
2028,Diesel_S3_2028,1,Use,HVO,D3,73000.0
2028,LNG_S3_2023,13,Use,LNG,D3,73000.0
2028,LNG_S3_2024,1,Use,BioLNG,D3,73000.0
2028,LNG_S3_2026,1,Use,LNG,D3,73000.0
2028,LNG_S3_2023,3,Use,LNG,D4,73000.0
2028,LNG_S3_2025,1,Use,LNG,D4,73000.0
2029,BEV_S1_2023,1,Use,Electricity,D1,102000.0
2029,BEV_S1_2024,1,Use,Electricity,D1,102000.0
2029,BEV_S1_2025,1,Use,Electricity,D1,102000.0
2029,LNG_S1_2023,7,Use,LNG,D1,102000.0
2029,BEV_S1_2026,1,Use,Electricity,D2,102000.0
2029,BEV_S1_2027,1,Use,Electricity,D2,102000.0
2029,BEV_S1_2028,1,Use,Electricity,D2,102000.0
2029,BEV_S1_2029,24,Use,Electricity,D2,102000.0
2029,Diesel_S1_2029,1,Use,HVO,D2,102000.0
2029,LNG_S1_2024,1,Use,LNG,D2,102000.0
2029,LNG_S1_2027,1,Use,LNG,D2,102000.0
2029,LNG_S1_2028,1,Use,LNG,D2,102000.0
2029,LNG_S1_2029,1,Use,LNG,D2,102000.0
2029,BEV_S1_2029,16,Use,Electricity,D3,102000.0
2029,LNG_S1_2023,21,Use,LNG,D3,102000.0
2029,LNG_S1_2025,1,Use,LNG,D3,102000.0
2029,LNG_S1_2026,1,Use,LNG,D3,102000.0
2029,LNG_S1_2023,5,Use,LNG,D4,102000.0
2029,BEV_S2_2023,1,Use,Electricity,D1,106000.0
2029,BEV_S2_2024,1,Use,Electricity,D1,106000.0
2029,BEV_S2_2025,1,Use,Electricity,D1,106000.0
2029,LNG_S2_2023,9,Use,LNG,D1,106000.0
2029,BEV_S2_2026,1,Use,Electricity,D2,106000.0
2029,BEV_S2_2027,1,Use,Electricity,D2,106000.0
2029,BEV_S2_2028,1,Use,Electricity,D2,106000.0
2029,BEV_S2_2029,1,Use,Electricity,D2,106000.0
2029,Diesel_S2_2029,1,Use,HVO,D2,106000.0
2029,LNG_S2_2023,6,Use,LNG,D2,106000.0
2029,LNG_S2_2024,1,Use,LNG,D2,106000.0
2029,LNG_S2_2026,1,Use,LNG,D2,106000.0
2029,LNG_S2_2027,1,Use,LNG,D2,106000.0
2029,LNG_S2_2028,1,Use,LNG,D2,106000.0
2029,LNG_S2_2029,1,Use,LNG,D2,106000.0
2029,LNG_S2_2023,9,Use,LNG,D3,106000.0
2029,LNG_S2_2023,2,Use,LNG,D4,106000.0
2029,BEV_S4_2025,1,Use,Electricity,D1,118000.0
2029,BEV_S4_2026,1,Use,Electricity,D2,118000.0
2029,BEV_S4_2027,1,Use,Electricity,D2,118000.0
2029,BEV_S4_2028,1,Use,Electricity,D2,118000.0
2029,BEV_S4_2029,1,Use,Electricity,D2,118000.0
2029,Diesel_S4_2029,1,Use,HVO,D2,118000.0
2029,LNG_S4_2027,1,Use,LNG,D2,118000.0
2029,LNG_S4_2028,1,Use,LNG,D2,118000.0
2029,LNG_S4_2029,1,Use,LNG,D2,118000.0
2029,LNG_S4_2023,2,Use,LNG,D3,118000.0
2029,LNG_S4_2026,1,Use,LNG,D4,118000.0
2029,BEV_S3_2023,1,Use,Electricity,D1,73000.0
2029,BEV_S3_2024,1,Use,Electricity,D1,73000.0
2029,BEV_S3_2025,1,Use,Electricity,D1,73000.0
2029,LNG_S3_2023,30,Use,LNG,D1,73000.0
2029,LNG_S3_2024,1,Use,LNG,D1,73000.0
2029,LNG_S3_2025,1,Use,LNG,D1,73000.0
2029,BEV_S3_2026,1,Use,Electricity,D2,73000.0
2029,BEV_S3_2027,1,Use,Electricity,D2,73000.0
2029,BEV_S3_2028,1,Use,Electricity,D2,73000.0
2029,LNG_S3_2023,36,Use,LNG,D2,73000.0
2029,BEV_S3_2029,1,Use,Electricity,D3,73000.0
2029,Diesel_S3_2029,1,Use,HVO,D3,73000.0
2029,LNG_S3_2023,9,Use,LNG,D3,73000.0
2029,LNG_S3_2026,1,Use,LNG,D3,73000.0
2029,LNG_S3_2027,1,Use,LNG,D3,73000.0
2029,LNG_S3_2028,1,Use,LNG,D3,73000.0
2029,LNG_S3_2029,3,Use,LNG,D3,73000.0
2029,LNG_S3_2023,4,Use,LNG,D4,73000.0
2030,BEV_S1_2023,1,Use,Electricity,D1,102000.0
2030,BEV_S1_2024,1,Use,Electricity,D1,102000.0
2030,BEV_S1_2025,1,Use,Electricity,D1,102000.0
2030,BEV_S1_2028,1,Use,Electricity,D1,102000.0
2030,BEV_S1_2029,6,Use,Electricity,D1,102000.0
2030,BEV_S1_2026,1,Use,Electricity,D2,102000.0
2030,BEV_S1_2027,1,Use,Electricity,D2,102000.0
2030,BEV_S1_2029,14,Use,Electricity,D2,102000.0
2030,Diesel_S1_2030,1,Use,HVO,D2,102000.0
2030,LNG_S1_2023,15,Use,LNG,D2,102000.0
2030,LNG_S1_2028,1,Use,LNG,D2,102000.0
2030,BEV_S1_2029,20,Use,Electricity,D3,102000.0
2030,BEV_S1_2030,15,Use,Electricity,D3,102000.0
2030,LNG_S1_2026,1,Use,LNG,D3,102000.0
2030,LNG_S1_2027,1,Use,LNG,D3,102000.0
2030,LNG_S1_2029,1,Use,LNG,D3,102000.0
2030,LNG_S1_2030,1,Use,LNG,D3,102000.0
2030,LNG_S1_2023,5,Use,LNG,D4,102000.0
2030,BEV_S2_2023,1,Use,Electricity,D1,106000.0
2030,BEV_S2_2024,1,Use,Electricity,D1,106000.0
2030,BEV_S2_2025,1,Use,Electricity,D1,106000.0
2030,BEV_S2_2029,1,Use,Electricity,D1,106000.0
2030,BEV_S2_2030,6,Use,Electricity,D1,106000.0
2030,Diesel_S2_2030,1,Use,HVO,D1,106000.0
2030,LNG_S2_2029,1,Use,LNG,D1,106000.0
2030,BEV_S2_2026,1,Use,Electricity,D2,106000.0
2030,BEV_S2_2027,1,Use,Electricity,D2,106000.0
2030,BEV_S2_2028,1,Use,Electricity,D2,106000.0
2030,BEV_S2_2030,13,Use,Electricity,D2,106000.0
2030,BEV_S2_2030,3,Use,Electricity,D3,106000.0
2030,LNG_S2_2023,3,Use,LNG,D3,106000.0
2030,LNG_S2_2026,1,Use,LNG,D3,106000.0
2030,LNG_S2_2027,1,Use,LNG,D3,106000.0
2030,LNG_S2_2028,1,Use,LNG,D3,106000.0
2030,LNG_S2_2024,1,Use,LNG,D4,106000.0
2030,LNG_S2_2030,1,Use,LNG,D4,106000.0
2030,BEV_S4_2025,1,Use,Electricity,D1,118000.0
2030,BEV_S4_2026,1,Use,Electricity,D2,118000.0
2030,BEV_S4_2027,1,Use,Electricity,D2,118000.0
2030,BEV_S4_2028,1,Use,Electricity,D2,118000.0
2030,BEV_S4_2029,1,Use,Electricity,D2,118000.0
2030,BEV_S4_2030,1,Use,Electricity,D2,118000.0
2030,Diesel_S4_2030,1,Use,HVO,D2,118000.0
2030,LNG_S4_2028,1,Use,LNG,D2,118000.0
2030,LNG_S4_2029,1,Use,LNG,D2,118000.0
2030,LNG_S4_2026,1,Use,LNG,D3,118000.0
2030,LNG_S4_2027,1,Use,LNG,D3,118000.0
2030,LNG_S4_2030,1,Use,LNG,D4,118000.0
2030,BEV_S3_2023,1,Use,Electricity,D1,73000.0
2030,BEV_S3_2024,1,Use,Electricity,D1,73000.0
2030,BEV_S3_2025,1,Use,Electricity,D1,73000.0
2030,LNG_S3_2023,32,Use,LNG,D1,73000.0
2030,BEV_S3_2026,1,Use,Electricity,D2,73000.0
2030,BEV_S3_2027,1,Use,Electricity,D2,73000.0
2030,BEV_S3_2028,1,Use,Electricity,D2,73000.0
2030,LNG_S3_2023,36,Use,LNG,D2,73000.0
2030,BEV_S3_2029,1,Use,Electricity,D3,73000.0
2030,BEV_S3_2030,1,Use,Electricity,D3,73000.0
2030,Diesel_S3_2029,1,Use,HVO,D3,73000.0
2030,Diesel_S3_2030,1,Use,HVO,D3,73000.0
2030,LNG_S3_2023,5,Use,LNG,D3,73000.0
2030,LNG_S3_2024,1,Use,LNG,D3,73000.0
2030,LNG_S3_2026,1,Use,LNG,D3,73000.0
2030,LNG_S3_2027,1,Use,LNG,D3,73000.0
2030,LNG_S3_2028,1,Use,LNG,D3,73000.0
2030,LNG_S3_2029,3,Use,LNG,D3,73000.0
2030,LNG_S3_2030,1,Use,LNG,D3,73000.0
2030,LNG_S3_2023,3,Use,LNG,D4,73000.0
2030,LNG_S3_2025,1,Use,LNG,D4,73000.0
2031,BEV_S1_2023,1,Use,Electricity,D1,102000.0
2031,BEV_S1_2024,1,Use,Electricity,D1,102000.0
2031,BEV_S1_2025,1,Use,Electricity,D1,102000.0
2031,BEV_S1_2029,8,Use,Electricity,D1,102000.0
2031,BEV_S1_2026,1,Use,Electricity,D2,102000.0
2031,BEV_S1_2027,1,Use,Electricity,D2,102000.0
2031,BEV_S1_2028,1,Use,Electricity,D2,102000.0
2031,BEV_S1_2029,7,Use,Electricity,D2,102000.0
2031,BEV_S1_2031,23,Use,Electricity,D2,102000.0
2031,BEV_S1_2029,25,Use,Electricity,D3,102000.0
2031,BEV_S1_2030,15,Use,Electricity,D3,102000.0
2031,Diesel_S1_2031,1,Use,HVO,D4,102000.0
2031,LNG_S1_2027,1,Use,LNG,D4,102000.0
2031,LNG_S1_2028,1,Use,LNG,D4,102000.0
2031,LNG_S1_2029,1,Use,LNG,D4,102000.0
2031,LNG_S1_2030,1,Use,LNG,D4,102000.0
2031,LNG_S1_2031,1,Use,LNG,D4,102000.0
2031,BEV_S2_2023,1,Use,Electricity,D1,106000.0
2031,BEV_S2_2024,1,Use,Electricity,D1,106000.0
2031,BEV_S2_2025,1,Use,Electricity,D1,106000.0
2031,BEV_S2_2030,9,Use,Electricity,D1,106000.0
2031,BEV_S2_2026,1,Use,Electricity,D2,106000.0
2031,BEV_S2_2027,1,Use,Electricity,D2,106000.0
2031,BEV_S2_2028,1,Use,Electricity,D2,106000.0
2031,BEV_S2_2029,1,Use,Electricity,D2,106000.0
2031,BEV_S2_2030,12,Use,Electricity,D2,106000.0
2031,BEV_S2_2030,1,Use,Electricity,D3,106000.0
2031,BEV_S2_2031,1,Use,Electricity,D3,106000.0
2031,Diesel_S2_2031,1,Use,HVO,D3,106000.0
2031,LNG_S2_2026,1,Use,LNG,D3,106000.0
2031,LNG_S2_2027,1,Use,LNG,D3,106000.0
2031,LNG_S2_2028,1,Use,LNG,D3,106000.0
2031,LNG_S2_2029,1,Use,LNG,D3,106000.0
2031,LNG_S2_2030,1,Use,LNG,D3,106000.0
2031,LNG_S2_2031,1,Use,LNG,D3,106000.0
2031,LNG_S2_2023,2,Use,LNG,D4,106000.0
2031,BEV_S4_2025,1,Use,Electricity,D1,118000.0
2031,BEV_S4_2026,1,Use,Electricity,D2,118000.0
2031,BEV_S4_2027,1,Use,Electricity,D2,118000.0
2031,BEV_S4_2028,1,Use,Electricity,D2,118000.0
2031,BEV_S4_2029,1,Use,Electricity,D2,118000.0
2031,BEV_S4_2030,1,Use,Electricity,D2,118000.0
2031,BEV_S4_2031,1,Use,Electricity,D2,118000.0
2031,Diesel_S4_2031,1,Use,HVO,D2,118000.0
2031,LNG_S4_2030,1,Use,LNG,D2,118000.0
2031,LNG_S4_2029,1,Use,LNG,D3,118000.0
2031,LNG_S4_2031,1,Use,LNG,D3,118000.0
2031,LNG_S4_2028,1,Use,LNG,D4,118000.0
2031,BEV_S3_2023,1,Use,Electricity,D1,73000.0
2031,BEV_S3_2024,1,Use,Electricity,D1,73000.0
2031,BEV_S3_2025,1,Use,Electricity,D1,73000.0
2031,LNG_S3_2023,33,Use,LNG,D1,73000.0
2031,BEV_S3_2026,1,Use,Electricity,D2,73000.0
2031,BEV_S3_2027,1,Use,Electricity,D2,73000.0
2031,BEV_S3_2028,1,Use,Electricity,D2,73000.0
2031,BEV_S3_2029,1,Use,Electricity,D2,73000.0
2031,BEV_S3_2030,1,Use,Electricity,D2,73000.0
2031,BEV_S3_2031,17,Use,Electricity,D2,73000.0
2031,Diesel_S3_2029,1,Use,HVO,D2,73000.0
2031,Diesel_S3_2030,1,Use,HVO,D2,73000.0
2031,Diesel_S3_2031,1,Use,HVO,D2,73000.0
2031,LNG_S3_2023,6,Use,LNG,D2,73000.0
2031,LNG_S3_2026,1,Use,LNG,D2,73000.0
2031,LNG_S3_2027,1,Use,LNG,D2,73000.0
2031,LNG_S3_2028,1,Use,LNG,D2,73000.0
2031,LNG_S3_2029,3,Use,LNG,D2,73000.0
2031,LNG_S3_2030,1,Use,LNG,D2,73000.0
2031,LNG_S3_2031,1,Use,LNG,D2,73000.0
2031,LNG_S3_2023,16,Use,LNG,D3,73000.0
2031,LNG_S3_2025,1,Use,LNG,D3,73000.0
2031,LNG_S3_2023,3,Use,LNG,D4,73000.0
2031,LNG_S3_2024,1,Use,LNG,D4,73000.0
2032,BEV_S1_2023,1,Use,Electricity,D1,102000.0
2032,BEV_S1_2024,1,Use,Electricity,D1,102000.0
2032,BEV_S1_2025,1,Use,Electricity,D1,102000.0
2032,BEV_S1_2026,1,Use,Electricity,D1,102000.0
2032,BEV_S1_2031,7,Use,Electricity,D1,102000.0
2032,BEV_S1_2027,1,Use,Electricity,D2,102000.0
2032,BEV_S1_2028,1,Use,Electricity,D2,102000.0
2032,BEV_S1_2030,14,Use,Electricity,D2,102000.0
2032,BEV_S1_2031,16,Use,Electricity,D2,102000.0
2032,LNG_S1_2031,1,Use,LNG,D2,102000.0
2032,LNG_S1_2032,1,Use,LNG,D2,102000.0
2032,BEV_S1_2029,40,Use,Electricity,D3,102000.0
2032,BEV_S1_2030,1,Use,Electricity,D3,102000.0
2032,Diesel_S1_2032,1,Use,HVO,D3,102000.0
2032,BEV_S1_2032,4,Use,Electricity,D4,102000.0
2032,LNG_S1_2029,1,Use,LNG,D4,102000.0
2032,LNG_S1_2030,1,Use,LNG,D4,102000.0
2032,BEV_S2_2023,1,Use,Electricity,D1,106000.0
2032,BEV_S2_2024,1,Use,Electricity,D1,106000.0
2032,BEV_S2_2025,1,Use,Electricity,D1,106000.0
2032,BEV_S2_2026,1,Use,Electricity,D1,106000.0
2032,BEV_S2_2027,1,Use,Electricity,D1,106000.0
2032,BEV_S2_2028,1,Use,Electricity,D1,106000.0
2032,BEV_S2_2029,1,Use,Electricity,D1,106000.0
2032,BEV_S2_2030,5,Use,Electricity,D1,106000.0
2032,BEV_S2_2030,17,Use,Electricity,D2,106000.0
2032,BEV_S2_2031,1,Use,Electricity,D3,106000.0
2032,BEV_S2_2032,1,Use,Electricity,D3,106000.0
2032,Diesel_S2_2031,1,Use,HVO,D3,106000.0
2032,Diesel_S2_2032,1,Use,HVO,D3,106000.0
2032,LNG_S2_2027,1,Use,LNG,D3,106000.0
2032,LNG_S2_2028,1,Use,LNG,D3,106000.0
2032,LNG_S2_2029,1,Use,LNG,D3,106000.0
2032,LNG_S2_2030,1,Use,LNG,D3,106000.0
2032,LNG_S2_2031,1,Use,LNG,D3,106000.0
2032,LNG_S2_2032,1,Use,LNG,D3,106000.0
2032,LNG_S2_2023,1,Use,LNG,D4,106000.0
2032,LNG_S2_2026,1,Use,LNG,D4,106000.0
2032,BEV_S4_2025,1,Use,Electricity,D1,118000.0
2032,BEV_S4_2026,1,Use,Electricity,D2,118000.0
2032,BEV_S4_2027,1,Use,Electricity,D2,118000.0
2032,BEV_S4_2028,1,Use,Electricity,D2,118000.0
2032,BEV_S4_2029,1,Use,Electricity,D2,118000.0
2032,BEV_S4_2030,1,Use,Electricity,D2,118000.0
2032,BEV_S4_2031,1,Use,Electricity,D2,118000.0
2032,BEV_S4_2032,1,Use,Electricity,D2,118000.0
2032,Diesel_S4_2032,1,Use,HVO,D2,118000.0
2032,LNG_S4_2030,1,Use,LNG,D2,118000.0
2032,LNG_S4_2029,1,Use,LNG,D3,118000.0
2032,LNG_S4_2031,1,Use,LNG,D3,118000.0
2032,LNG_S4_2032,1,Use,LNG,D4,118000.0
2032,BEV_S3_2023,1,Use,Electricity,D1,73000.0
2032,BEV_S3_2024,1,Use,Electricity,D1,73000.0
2032,BEV_S3_2025,1,Use,Electricity,D1,73000.0
2032,BEV_S3_2032,33,Use,Electricity,D1,73000.0
2032,Diesel_S3_2030,1,Use,HVO,D1,73000.0
2032,Diesel_S3_2032,1,Use,HVO,D1,73000.0
2032,BEV_S3_2026,1,Use,Electricity,D2,73000.0
2032,BEV_S3_2027,1,Use,Electricity,D2,73000.0
2032,BEV_S3_2028,1,Use,Electricity,D2,73000.0
2032,BEV_S3_2029,1,Use,Electricity,D2,73000.0
2032,BEV_S3_2030,1,Use,Electricity,D2,73000.0
2032,BEV_S3_2031,17,Use,Electricity,D2,73000.0
2032,BEV_S3_2032,10,Use,Electricity,D2,73000.0
2032,Diesel_S3_2029,1,Use,HVO,D2,73000.0
2032,Diesel_S3_2031,1,Use,HVO,D2,73000.0
2032,LNG_S3_2023,1,Use,LNG,D2,73000.0
2032,LNG_S3_2026,1,Use,LNG,D2,73000.0
2032,LNG_S3_2027,1,Use,LNG,D2,73000.0
2032,LNG_S3_2028,1,Use,LNG,D2,73000.0
2032,LNG_S3_2030,1,Use,LNG,D2,73000.0
2032,LNG_S3_2031,1,Use,LNG,D2,73000.0
2032,LNG_S3_2023,18,Use,LNG,D3,73000.0
2032,LNG_S3_2029,3,Use,LNG,D4,73000.0
2032,LNG_S3_2032,1,Use,LNG,D4,73000.0
2033,BEV_S1_2025,1,Use,Electricity,D1,102000.0
2033,BEV_S1_2030,10,Use,Electricity,D1,102000.0
2033,BEV_S1_2026,1,Use,Electricity,D2,102000.0
2033,BEV_S1_2027,1,Use,Electricity,D2,102000.0
2033,BEV_S1_2028,1,Use,Electricity,D2,102000.0
2033,BEV_S1_2030,4,Use,Electricity,D2,102000.0
2033,BEV_S1_2031,23,Use,Electricity,D2,102000.0
2033,Diesel_S1_2033,1,Use,HVO,D2,102000.0
2033,LNG_S1_2030,1,Use,LNG,D2,102000.0
2033,LNG_S1_2031,1,Use,LNG,D2,102000.0
2033,LNG_S1_2032,1,Use,LNG,D2,102000.0
2033,LNG_S1_2033,1,Use,LNG,D2,102000.0
2033,BEV_S1_2029,40,Use,Electricity,D3,102000.0
2033,BEV_S1_2030,1,Use,Electricity,D3,102000.0
2033,BEV_S1_2032,2,Use,Electricity,D3,102000.0
2033,BEV_S1_2032,2,Use,Electricity,D4,102000.0
2033,BEV_S1_2033,3,Use,Electricity,D4,102000.0
2033,LNG_S1_2029,1,Use,LNG,D4,102000.0
2033,BEV_S2_2024,1,Use,Electricity,D1,106000.0
2033,BEV_S2_2025,1,Use,Electricity,D1,106000.0
2033,BEV_S2_2028,1,Use,Electricity,D1,106000.0
2033,BEV_S2_2030,9,Use,Electricity,D1,106000.0
2033,Diesel_S2_2033,1,Use,HVO,D1,106000.0
2033,BEV_S2_2026,1,Use,Electricity,D2,106000.0
2033,BEV_S2_2027,1,Use,Electricity,D2,106000.0
2033,BEV_S2_2029,1,Use,Electricity,D2,106000.0
2033,BEV_S2_2030,13,Use,Electricity,D2,106000.0
2033,BEV_S2_2031,1,Use,Electricity,D2,106000.0
2033,Diesel_S2_2031,1,Use,HVO,D3,106000.0
2033,Diesel_S2_2032,1,Use,HVO,D3,106000.0
2033,LNG_S2_2026,1,Use,LNG,D3,106000.0
2033,LNG_S2_2027,1,Use,LNG,D3,106000.0
2033,LNG_S2_2028,1,Use,LNG,D3,106000.0
2033,LNG_S2_2029,1,Use,LNG,D3,106000.0
2033,LNG_S2_2030,1,Use,LNG,D3,106000.0
2033,LNG_S2_2031,1,Use,LNG,D3,106000.0
2033,LNG_S2_2032,1,Use,LNG,D3,106000.0
2033,LNG_S2_2033,1,Use,LNG,D3,106000.0
2033,BEV_S2_2032,1,Use,Electricity,D4,106000.0
2033,BEV_S2_2033,1,Use,Electricity,D4,106000.0
2033,BEV_S4_2025,1,Use,Electricity,D1,118000.0
2033,BEV_S4_2026,1,Use,Electricity,D2,118000.0
2033,BEV_S4_2027,1,Use,Electricity,D2,118000.0
2033,BEV_S4_2028,1,Use,Electricity,D2,118000.0
2033,BEV_S4_2029,1,Use,Electricity,D2,118000.0
2033,BEV_S4_2030,1,Use,Electricity,D2,118000.0
2033,BEV_S4_2031,1,Use,Electricity,D2,118000.0
2033,BEV_S4_2032,1,Use,Electricity,D2,118000.0
2033,BEV_S4_2033,1,Use,Electricity,D2,118000.0
2033,Diesel_S4_2033,1,Use,HVO,D2,118000.0
2033,LNG_S4_2030,1,Use,LNG,D3,118000.0
2033,LNG_S4_2033,1,Use,LNG,D3,118000.0
2033,LNG_S4_2031,1,Use,LNG,D4,118000.0
2033,BEV_S3_2026,1,Use,Electricity,D1,73000.0
2033,BEV_S3_2027,1,Use,Electricity,D1,73000.0
2033,BEV_S3_2028,1,Use,Electricity,D1,73000.0
2033,BEV_S3_2029,1,Use,Electricity,D1,73000.0
2033,BEV_S3_2030,1,Use,Electricity,D1,73000.0
2033,BEV_S3_2031,4,Use,Electricity,D1,73000.0
2033,BEV_S3_2033,25,Use,Electricity,D1,73000.0
2033,Diesel_S3_2029,1,Use,HVO,D1,73000.0
2033,Diesel_S3_2030,1,Use,HVO,D1,73000.0
2033,Diesel_S3_2031,1,Use,HVO,D1,73000.0
2033,Diesel_S3_2032,1,Use,HVO,D1,73000.0
2033,Diesel_S3_2033,1,Use,HVO,D1,73000.0
2033,BEV_S3_2031,13,Use,Electricity,D2,73000.0
2033,BEV_S3_2032,22,Use,Electricity,D2,73000.0
2033,LNG_S3_2029,3,Use,LNG,D2,73000.0
2033,LNG_S3_2030,1,Use,LNG,D2,73000.0
2033,LNG_S3_2031,1,Use,LNG,D2,73000.0
2033,LNG_S3_2032,1,Use,LNG,D2,73000.0
2033,BEV_S3_2032,17,Use,Electricity,D3,73000.0
2033,LNG_S3_2033,1,Use,LNG,D3,73000.0
2033,BEV_S3_2032,4,Use,Electricity,D4,73000.0
2034,BEV_S1_2026,1,Use,Electricity,D1,102000.0
2034,BEV_S1_2028,1,Use,Electricity,D1,102000.0
2034,BEV_S1_2031,8,Use,Electricity,D1,102000.0
2034,BEV_S1_2034,1,Use,Electricity,D1,102000.0
2034,BEV_S1_2027,1,Use,Electricity,D2,102000.0
2034,BEV_S1_2029,11,Use,Electricity,D2,102000.0
2034,BEV_S1_2031,15,Use,Electricity,D2,102000.0
2034,BEV_S1_2033,2,Use,Electricity,D2,102000.0
2034,Diesel_S1_2034,1,Use,HVO,D2,102000.0
2034,LNG_S1_2029,1,Use,LNG,D2,102000.0
2034,LNG_S1_2030,1,Use,LNG,D2,102000.0
2034,LNG_S1_2031,1,Use,LNG,D2,102000.0
2034,LNG_S1_2032,1,Use,LNG,D2,102000.0
2034,LNG_S1_2033,1,Use,LNG,D2,102000.0
2034,LNG_S1_2034,1,Use,LNG,D2,102000.0
2034,BEV_S1_2029,29,Use,Electricity,D3,102000.0
2034,BEV_S1_2030,15,Use,Electricity,D3,102000.0
2034,BEV_S1_2032,4,Use,Electricity,D4,102000.0
2034,BEV_S1_2033,1,Use,Electricity,D4,102000.0
2034,Diesel_S1_2033,1,Use,HVO,D4,102000.0
2034,BEV_S2_2025,1,Use,Electricity,D1,106000.0
2034,BEV_S2_2028,1,Use,Electricity,D1,106000.0
2034,BEV_S2_2030,8,Use,Electricity,D1,106000.0
2034,BEV_S2_2032,1,Use,Electricity,D1,106000.0
2034,Diesel_S2_2033,1,Use,HVO,D1,106000.0
2034,Diesel_S2_2034,1,Use,HVO,D1,106000.0
2034,BEV_S2_2026,1,Use,Electricity,D2,106000.0
2034,BEV_S2_2027,1,Use,Electricity,D2,106000.0
2034,BEV_S2_2029,1,Use,Electricity,D2,106000.0
2034,BEV_S2_2030,14,Use,Electricity,D2,106000.0
2034,BEV_S2_2031,1,Use,Electricity,D2,106000.0
2034,Diesel_S2_2031,1,Use,HVO,D3,106000.0
2034,Diesel_S2_2032,1,Use,HVO,D3,106000.0
2034,LNG_S2_2027,1,Use,LNG,D3,106000.0
2034,LNG_S2_2028,1,Use,LNG,D3,106000.0
2034,LNG_S2_2029,1,Use,LNG,D3,106000.0
2034,LNG_S2_2030,1,Use,LNG,D3,106000.0
2034,LNG_S2_2031,1,Use,LNG,D3,106000.0
2034,LNG_S2_2032,1,Use,LNG,D3,106000.0
2034,LNG_S2_2033,1,Use,LNG,D3,106000.0
2034,LNG_S2_2034,1,Use,LNG,D3,106000.0
2034,BEV_S2_2033,1,Use,Electricity,D4,106000.0
2034,BEV_S2_2034,1,Use,Electricity,D4,106000.0
2034,BEV_S4_2025,1,Use,Electricity,D1,118000.0
2034,BEV_S4_2026,1,Use,Electricity,D2,118000.0
2034,BEV_S4_2027,1,Use,Electricity,D2,118000.0
2034,BEV_S4_2028,1,Use,Electricity,D2,118000.0
2034,BEV_S4_2029,1,Use,Electricity,D2,118000.0
2034,BEV_S4_2030,1,Use,Electricity,D2,118000.0
2034,BEV_S4_2031,1,Use,Electricity,D2,118000.0
2034,BEV_S4_2032,1,Use,Electricity,D2,118000.0
2034,BEV_S4_2033,1,Use,Electricity,D2,118000.0
2034,BEV_S4_2034,1,Use,Electricity,D2,118000.0
2034,Diesel_S4_2034,1,Use,HVO,D3,118000.0
2034,LNG_S4_2033,1,Use,LNG,D3,118000.0
2034,LNG_S4_2034,1,Use,LNG,D4,118000.0
2034,BEV_S3_2028,1,Use,Electricity,D1,73000.0
2034,BEV_S3_2031,12,Use,Electricity,D1,73000.0
2034,BEV_S3_2033,25,Use,Electricity,D1,73000.0
2034,Diesel_S3_2031,1,Use,HVO,D1,73000.0
2034,BEV_S3_2026,1,Use,Electricity,D2,73000.0
2034,BEV_S3_2027,1,Use,Electricity,D2,73000.0
2034,BEV_S3_2032,39,Use,Electricity,D2,73000.0
2034,Diesel_S3_2034,1,Use,HVO,D2,73000.0
2034,LNG_S3_2034,1,Use,LNG,D2,73000.0
2034,BEV_S3_2029,1,Use,Electricity,D3,73000.0
2034,BEV_S3_2030,1,Use,Electricity,D3,73000.0
2034,BEV_S3_2031,5,Use,Electricity,D3,73000.0
2034,BEV_S3_2032,1,Use,Electricity,D3,73000.0
2034,BEV_S3_2034,1,Use,Electricity,D3,73000.0
2034,Diesel_S3_2029,1,Use,HVO,D3,73000.0
2034,Diesel_S3_2030,1,Use,HVO,D3,73000.0
2034,Diesel_S3_2032,1,Use,HVO,D3,73000.0
2034,LNG_S3_2029,3,Use,LNG,D3,73000.0
2034,LNG_S3_2030,1,Use,LNG,D3,73000.0
2034,LNG_S3_2031,1,Use,LNG,D3,73000.0
2034,LNG_S3_2032,1,Use,LNG,D3,73000.0
2034,LNG_S3_2033,1,Use,LNG,D3,73000.0
2034,BEV_S3_2032,3,Use,Electricity,D4,73000.0
2034,Diesel_S3_2033,1,Use,HVO,D4,73000.0
2035,BEV_S1_2028,1,Use,Electricity,D1,102000.0
2035,BEV_S1_2030,3,Use,Electricity,D1,102000.0
2035,Diesel_S1_2033,1,Use,HVO,D1,102000.0
2035,Diesel_S1_2034,1,Use,HVO,D1,102000.0
2035,Diesel_S1_2035,1,Use,HVO,D1,102000.0
2035,LNG_S1_2030,1,Use,LNG,D1,102000.0
2035,LNG_S1_2031,1,Use,LNG,D1,102000.0
2035,LNG_S1_2033,1,Use,LNG,D1,102000.0
2035,LNG_S1_2034,1,Use,LNG,D1,102000.0
2035,BEV_S1_2029,32,Use,Electricity,D2,102000.0
2035,BEV_S1_2033,1,Use,Electricity,D2,102000.0
2035,BEV_S1_2034,1,Use,Electricity,D2,102000.0
2035,LNG_S1_2029,1,Use,LNG,D2,102000.0
2035,LNG_S1_2032,1,Use,LNG,D2,102000.0
2035,LNG_S1_2035,1,Use,LNG,D2,102000.0
2035,BEV_S1_2029,8,Use,Electricity,D3,102000.0
2035,BEV_S1_2030,12,Use,Electricity,D3,102000.0
2035,BEV_S1_2031,23,Use,Electricity,D3,102000.0
2035,BEV_S1_2035,1,Use,Electricity,D3,102000.0
2035,BEV_S1_2032,4,Use,Electricity,D4,102000.0
2035,BEV_S1_2033,2,Use,Electricity,D4,102000.0
2035,BEV_S2_2027,1,Use,Electricity,D1,106000.0
2035,BEV_S2_2029,1,Use,Electricity,D1,106000.0
2035,BEV_S2_2030,4,Use,Electricity,D1,106000.0
2035,BEV_S2_2031,1,Use,Electricity,D1,106000.0
2035,BEV_S2_2032,1,Use,Electricity,D1,106000.0
2035,BEV_S2_2035,1,Use,Electricity,D1,106000.0
2035,Diesel_S2_2031,1,Use,HVO,D1,106000.0
2035,LNG_S2_2029,1,Use,LNG,D1,106000.0
2035,LNG_S2_2033,1,Use,LNG,D1,106000.0
2035,LNG_S2_2035,1,Use,LNG,D1,106000.0
2035,BEV_S2_2026,1,Use,Electricity,D2,106000.0
2035,BEV_S2_2028,1,Use,Electricity,D2,106000.0
2035,BEV_S2_2030,16,Use,Electricity,D2,106000.0
2035,Diesel_S2_2034,1,Use,HVO,D2,106000.0
2035,BEV_S2_2030,2,Use,Electricity,D3,106000.0
2035,Diesel_S2_2032,1,Use,HVO,D3,106000.0
2035,Diesel_S2_2033,1,Use,HVO,D3,106000.0
2035,Diesel_S2_2035,1,Use,HVO,D3,106000.0
2035,LNG_S2_2028,1,Use,LNG,D3,106000.0
2035,LNG_S2_2030,1,Use,LNG,D3,106000.0
2035,LNG_S2_2031,1,Use,LNG,D3,106000.0
2035,LNG_S2_2032,1,Use,LNG,D3,106000.0
2035,LNG_S2_2034,1,Use,LNG,D3,106000.0
2035,BEV_S2_2033,1,Use,Electricity,D4,106000.0
2035,BEV_S2_2034,1,Use,Electricity,D4,106000.0
2035,BEV_S4_2026,1,Use,Electricity,D1,118000.0
2035,BEV_S4_2027,1,Use,Electricity,D2,118000.0
2035,BEV_S4_2028,1,Use,Electricity,D2,118000.0
2035,BEV_S4_2030,1,Use,Electricity,D2,118000.0
2035,BEV_S4_2032,1,Use,Electricity,D2,118000.0
2035,BEV_S4_2033,1,Use,Electricity,D2,118000.0
2035,BEV_S4_2034,1,Use,Electricity,D2,118000.0
2035,BEV_S4_2035,1,Use,Electricity,D2,118000.0
2035,Diesel_S4_2035,1,Use,HVO,D2,118000.0
2035,LNG_S4_2033,1,Use,LNG,D2,118000.0
2035,LNG_S4_2035,1,Use,LNG,D2,118000.0
2035,BEV_S4_2029,1,Use,Electricity,D3,118000.0
2035,BEV_S4_2031,1,Use,Electricity,D3,118000.0
2035,LNG_S4_2034,1,Use,LNG,D4,118000.0
2035,BEV_S3_2026,1,Use,Electricity,D1,73000.0
2035,BEV_S3_2031,17,Use,Electricity,D1,73000.0
2035,BEV_S3_2032,12,Use,Electricity,D1,73000.0
2035,Diesel_S3_2029,1,Use,HVO,D1,73000.0
2035,Diesel_S3_2030,1,Use,HVO,D1,73000.0
2035,LNG_S3_2029,3,Use,LNG,D1,73000.0
2035,LNG_S3_2031,1,Use,LNG,D1,73000.0
2035,LNG_S3_2032,1,Use,LNG,D1,73000.0
2035,LNG_S3_2033,1,Use,LNG,D1,73000.0
2035,LNG_S3_2034,1,Use,LNG,D1,73000.0
2035,LNG_S3_2035,1,Use,LNG,D1,73000.0
2035,BEV_S3_2027,1,Use,Electricity,D2,73000.0
2035,BEV_S3_2028,1,Use,Electricity,D2,73000.0
2035,BEV_S3_2029,1,Use,Electricity,D2,73000.0
2035,BEV_S3_2030,1,Use,Electricity,D2,73000.0
2035,BEV_S3_2032,13,Use,Electricity,D2,73000.0
2035,BEV_S3_2033,25,Use,Electricity,D2,73000.0
2035,BEV_S3_2034,1,Use,Electricity,D2,73000.0
2035,Diesel_S3_2031,1,Use,HVO,D2,73000.0
2035,LNG_S3_2030,1,Use,LNG,D2,73000.0
2035,BEV_S3_2032,14,Use,Electricity,D3,73000.0
2035,BEV_S3_2035,1,Use,Electricity,D3,73000.0
2035,Diesel_S3_2032,1,Use,HVO,D3,73000.0
2035,Diesel_S3_2033,1,Use,HVO,D3,73000.0
2035,Diesel_S3_2034,1,Use,HVO,D3,73000.0
2035,Diesel_S3_2035,1,Use,HVO,D3,73000.0
2035,BEV_S3_2032,4,Use,Electricity,D4,73000.0
2036,BEV_S1_2028,1,Use,Electricity,D1,102000.0
2036,BEV_S1_2029,9,Use,Electricity,D1,102000.0
2036,LNG_S1_2031,1,Use,LNG,D1,102000.0
2036,LNG_S1_2032,1,Use,LNG,D1,102000.0
2036,BEV_S1_2029,8,Use,Electricity,D2,102000.0
2036,BEV_S1_2030,15,Use,Electricity,D2,102000.0
2036,BEV_S1_2032,4,Use,Electricity,D2,102000.0
2036,BEV_S1_2035,1,Use,Electricity,D2,102000.0
2036,Diesel_S1_2033,1,Use,HVO,D2,102000.0
2036,Diesel_S1_2034,1,Use,HVO,D2,102000.0
2036,Diesel_S1_2035,1,Use,HVO,D2,102000.0
2036,Diesel_S1_2036,1,Use,HVO,D2,102000.0
2036,LNG_S1_2029,1,Use,LNG,D2,102000.0
2036,LNG_S1_2030,1,Use,LNG,D2,102000.0
2036,LNG_S1_2033,1,Use,LNG,D2,102000.0
2036,LNG_S1_2034,1,Use,LNG,D2,102000.0
2036,LNG_S1_2035,1,Use,LNG,D2,102000.0
2036,LNG_S1_2036,1,Use,LNG,D2,102000.0
2036,BEV_S1_2029,23,Use,Electricity,D3,102000.0
2036,BEV_S1_2031,23,Use,Electricity,D3,102000.0
2036,BEV_S1_2033,3,Use,Electricity,D4,102000.0
2036,BEV_S1_2034,1,Use,Electricity,D4,102000.0
2036,BEV_S1_2036,2,Use,Electricity,D4,102000.0
2036,BEV_S2_2030,14,Use,Electricity,D1,106000.0
2036,BEV_S2_2027,1,Use,Electricity,D2,106000.0
2036,BEV_S2_2028,1,Use,Electricity,D2,106000.0
2036,BEV_S2_2029,1,Use,Electricity,D2,106000.0
2036,BEV_S2_2030,8,Use,Electricity,D2,106000.0
2036,BEV_S2_2031,1,Use,Electricity,D2,106000.0
2036,BEV_S2_2032,1,Use,Electricity,D2,106000.0
2036,BEV_S2_2034,1,Use,Electricity,D2,106000.0
2036,BEV_S2_2035,1,Use,Electricity,D2,106000.0
2036,Diesel_S2_2034,1,Use,HVO,D2,106000.0
2036,Diesel_S2_2036,1,Use,HVO,D2,106000.0
2036,LNG_S2_2033,1,Use,LNG,D2,106000.0
2036,LNG_S2_2036,1,Use,LNG,D2,106000.0
2036,Diesel_S2_2031,1,Use,HVO,D3,106000.0
2036,Diesel_S2_2032,1,Use,HVO,D3,106000.0
2036,Diesel_S2_2033,1,Use,HVO,D3,106000.0
2036,Diesel_S2_2035,1,Use,HVO,D3,106000.0
2036,LNG_S2_2028,1,Use,LNG,D3,106000.0
2036,LNG_S2_2029,1,Use,LNG,D3,106000.0
2036,LNG_S2_2030,1,Use,LNG,D3,106000.0
2036,LNG_S2_2031,1,Use,LNG,D3,106000.0
2036,LNG_S2_2032,1,Use,LNG,D3,106000.0
2036,LNG_S2_2034,1,Use,LNG,D3,106000.0
2036,LNG_S2_2035,1,Use,LNG,D3,106000.0
2036,BEV_S2_2033,1,Use,Electricity,D4,106000.0
2036,BEV_S2_2036,1,Use,Electricity,D4,106000.0
2036,Diesel_S4_2036,1,Use,HVO,D1,118000.0
2036,BEV_S4_2027,1,Use,Electricity,D2,118000.0
2036,BEV_S4_2028,1,Use,Electricity,D2,118000.0
2036,BEV_S4_2029,1,Use,Electricity,D2,118000.0
2036,BEV_S4_2030,1,Use,Electricity,D2,118000.0
2036,BEV_S4_2031,1,Use,Electricity,D2,118000.0
2036,BEV_S4_2032,1,Use,Electricity,D2,118000.0
2036,BEV_S4_2033,1,Use,Electricity,D2,118000.0
2036,BEV_S4_2034,1,Use,Electricity,D2,118000.0
2036,BEV_S4_2035,1,Use,Electricity,D2,118000.0
2036,BEV_S4_2036,1,Use,Electricity,D2,118000.0
2036,LNG_S4_2034,1,Use,LNG,D3,118000.0
2036,LNG_S4_2035,1,Use,LNG,D3,118000.0
2036,LNG_S4_2036,1,Use,LNG,D4,118000.0
2036,BEV_S3_2032,35,Use,Electricity,D1,73000.0
2036,BEV_S3_2035,1,Use,Electricity,D1,73000.0
2036,Diesel_S3_2030,1,Use,HVO,D1,73000.0
2036,Diesel_S3_2033,1,Use,HVO,D1,73000.0
2036,LNG_S3_2029,3,Use,LNG,D1,73000.0
2036,BEV_S3_2028,1,Use,Electricity,D2,73000.0
2036,BEV_S3_2031,17,Use,Electricity,D2,73000.0
2036,BEV_S3_2033,22,Use,Electricity,D2,73000.0
2036,BEV_S3_2036,1,Use,Electricity,D2,73000.0
2036,Diesel_S3_2035,1,Use,HVO,D2,73000.0
2036,Diesel_S3_2036,1,Use,HVO,D2,73000.0
2036,LNG_S3_2032,1,Use,LNG,D2,73000.0
2036,LNG_S3_2036,1,Use,LNG,D2,73000.0
2036,BEV_S3_2029,1,Use,Electricity,D3,73000.0
2036,BEV_S3_2030,1,Use,Electricity,D3,73000.0
2036,BEV_S3_2032,8,Use,Electricity,D3,73000.0
2036,Diesel_S3_2029,1,Use,HVO,D3,73000.0
2036,Diesel_S3_2031,1,Use,HVO,D3,73000.0
2036,Diesel_S3_2032,1,Use,HVO,D3,73000.0
2036,Diesel_S3_2034,1,Use,HVO,D3,73000.0
2036,LNG_S3_2030,1,Use,LNG,D3,73000.0
2036,LNG_S3_2031,1,Use,LNG,D3,73000.0
2036,LNG_S3_2033,1,Use,LNG,D3,73000.0
2036,LNG_S3_2034,1,Use,LNG,D3,73000.0
2036,LNG_S3_2035,1,Use,LNG,D3,73000.0
2036,BEV_S3_2033,3,Use,Electricity,D4,73000.0
2036,BEV_S3_2034,1,Use,Electricity,D4,73000.0
2037,BEV_S1_2031,7,Use,Electricity,D1,102000.0
2037,Diesel_S1_2033,1,Use,HVO,D1,102000.0
2037,Diesel_S1_2034,1,Use,HVO,D1,102000.0
2037,Diesel_S1_2035,1,Use,HVO,D1,102000.0
2037,Diesel_S1_2037,1,Use,HVO,D1,102000.0
2037,LNG_S1_2033,1,Use,LNG,D1,102000.0
2037,BEV_S1_2030,15,Use,Electricity,D2,102000.0
2037,BEV_S1_2031,14,Use,Electricity,D2,102000.0
2037,BEV_S1_2032,4,Use,Electricity,D2,102000.0
2037,BEV_S1_2037,1,Use,Electricity,D2,102000.0
2037,LNG_S1_2030,1,Use,LNG,D2,102000.0
2037,LNG_S1_2031,1,Use,LNG,D2,102000.0
2037,LNG_S1_2032,1,Use,LNG,D2,102000.0
2037,LNG_S1_2035,1,Use,LNG,D2,102000.0
2037,LNG_S1_2036,1,Use,LNG,D2,102000.0
2037,BEV_S1_2029,40,Use,Electricity,D3,102000.0
2037,BEV_S1_2031,2,Use,Electricity,D3,102000.0
2037,BEV_S1_2033,3,Use,Electricity,D3,102000.0
2037,BEV_S1_2034,1,Use,Electricity,D3,102000.0
2037,BEV_S1_2035,1,Use,Electricity,D4,102000.0
2037,BEV_S1_2036,2,Use,Electricity,D4,102000.0
2037,Diesel_S1_2036,1,Use,HVO,D4,102000.0
2037,LNG_S1_2029,1,Use,LNG,D4,102000.0
2037,LNG_S1_2034,1,Use,LNG,D4,102000.0
2037,LNG_S1_2037,1,Use,LNG,D4,102000.0
2037,BEV_S2_2030,6,Use,Electricity,D1,106000.0
2037,BEV_S2_2031,1,Use,Electricity,D1,106000.0
2037,Diesel_S2_2031,1,Use,HVO,D1,106000.0
2037,Diesel_S2_2032,1,Use,HVO,D1,106000.0
2037,Diesel_S2_2033,1,Use,HVO,D1,106000.0
2037,Diesel_S2_2035,1,Use,HVO,D1,106000.0
2037,Diesel_S2_2037,1,Use,HVO,D1,106000.0
2037,LNG_S2_2030,1,Use,LNG,D1,106000.0
2037,LNG_S2_2035,1,Use,LNG,D1,106000.0
2037,BEV_S2_2028,1,Use,Electricity,D2,106000.0
2037,BEV_S2_2030,16,Use,Electricity,D2,106000.0
2037,BEV_S2_2034,1,Use,Electricity,D2,106000.0
2037,BEV_S2_2035,1,Use,Electricity,D2,106000.0
2037,BEV_S2_2036,1,Use,Electricity,D2,106000.0
2037,BEV_S2_2029,1,Use,Electricity,D3,106000.0
2037,BEV_S2_2037,1,Use,Electricity,D3,106000.0
2037,Diesel_S2_2034,1,Use,HVO,D3,106000.0
2037,Diesel_S2_2036,1,Use,HVO,D3,106000.0
2037,LNG_S2_2029,1,Use,LNG,D3,106000.0
2037,LNG_S2_2031,1,Use,LNG,D3,106000.0
2037,LNG_S2_2032,1,Use,LNG,D3,106000.0
2037,LNG_S2_2033,1,Use,LNG,D3,106000.0
2037,LNG_S2_2034,1,Use,LNG,D3,106000.0
2037,LNG_S2_2036,1,Use,LNG,D3,106000.0
2037,LNG_S2_2037,1,Use,LNG,D3,106000.0
2037,BEV_S2_2032,1,Use,Electricity,D4,106000.0
2037,BEV_S2_2033,1,Use,Electricity,D4,106000.0
2037,Diesel_S4_2037,1,Use,HVO,D1,118000.0
2037,BEV_S4_2028,1,Use,Electricity,D2,118000.0
2037,BEV_S4_2029,1,Use,Electricity,D2,118000.0
2037,BEV_S4_2030,1,Use,Electricity,D2,118000.0
2037,BEV_S4_2031,1,Use,Electricity,D2,118000.0
2037,BEV_S4_2032,1,Use,Electricity,D2,118000.0
2037,BEV_S4_2033,1,Use,Electricity,D2,118000.0
2037,BEV_S4_2034,1,Use,Electricity,D2,118000.0
2037,BEV_S4_2035,1,Use,Electricity,D2,118000.0
2037,BEV_S4_2036,1,Use,Electricity,D2,118000.0
2037,BEV_S4_2037,1,Use,Electricity,D2,118000.0
2037,LNG_S4_2035,1,Use,LNG,D3,118000.0
2037,LNG_S4_2037,1,Use,LNG,D3,118000.0
2037,LNG_S4_2034,1,Use,LNG,D4,118000.0
2037,BEV_S3_2031,17,Use,Electricity,D1,73000.0
2037,BEV_S3_2032,7,Use,Electricity,D1,73000.0
2037,BEV_S3_2033,12,Use,Electricity,D1,73000.0
2037,Diesel_S3_2029,1,Use,HVO,D1,73000.0
2037,Diesel_S3_2031,1,Use,HVO,D1,73000.0
2037,Diesel_S3_2036,1,Use,HVO,D1,73000.0
2037,LNG_S3_2029,3,Use,LNG,D1,73000.0
2037,LNG_S3_2037,1,Use,LNG,D1,73000.0
2037,BEV_S3_2028,1,Use,Electricity,D2,73000.0
2037,BEV_S3_2032,36,Use,Electricity,D2,73000.0
2037,Diesel_S3_2030,1,Use,HVO,D2,73000.0
2037,Diesel_S3_2032,1,Use,HVO,D2,73000.0
2037,Diesel_S3_2033,1,Use,HVO,D2,73000.0
2037,Diesel_S3_2034,1,Use,HVO,D2,73000.0
2037,Diesel_S3_2035,1,Use,HVO,D2,73000.0
2037,Diesel_S3_2037,1,Use,HVO,D2,73000.0
2037,LNG_S3_2032,1,Use,LNG,D2,73000.0
2037,LNG_S3_2035,1,Use,LNG,D2,73000.0
2037,BEV_S3_2029,1,Use,Electricity,D3,73000.0
2037,BEV_S3_2030,1,Use,Electricity,D3,73000.0
2037,BEV_S3_2033,13,Use,Electricity,D3,73000.0
2037,BEV_S3_2034,1,Use,Electricity,D3,73000.0
2037,BEV_S3_2035,1,Use,Electricity,D3,73000.0
2037,BEV_S3_2036,1,Use,Electricity,D3,73000.0
2037,BEV_S3_2037,1,Use,Electricity,D3,73000.0
2037,LNG_S3_2030,1,Use,LNG,D4,73000.0
2037,LNG_S3_2031,1,Use,LNG,D4,73000.0
2037,LNG_S3_2033,1,Use,LNG,D4,73000.0
2037,LNG_S3_2034,1,Use,LNG,D4,73000.0
2037,LNG_S3_2036,1,Use,LNG,D4,73000.0
2038,BEV_S1_2030,7,Use,Electricity,D1,102000.0
2038,BEV_S1_2035,1,Use,Electricity,D1,102000.0
2038,LNG_S1_2030,1,Use,LNG,D1,102000.0
2038,LNG_S1_2034,1,Use,LNG,D1,102000.0
2038,LNG_S1_2035,1,Use,LNG,D1,102000.0
2038,LNG_S1_2036,1,Use,LNG,D1,102000.0
2038,LNG_S1_2038,1,Use,LNG,D1,102000.0
2038,BEV_S1_2029,40,Use,Electricity,D2,102000.0
2038,BEV_S1_2030,8,Use,Electricity,D3,102000.0
2038,BEV_S1_2031,23,Use,Electricity,D3,102000.0
2038,BEV_S1_2033,3,Use,Electricity,D3,102000.0
2038,BEV_S1_2037,1,Use,Electricity,D3,102000.0
2038,BEV_S1_2038,2,Use,Electricity,D3,102000.0
2038,Diesel_S1_2033,1,Use,HVO,D3,102000.0
2038,Diesel_S1_2034,1,Use,HVO,D3,102000.0
2038,Diesel_S1_2035,1,Use,HVO,D3,102000.0
2038,Diesel_S1_2036,1,Use,HVO,D3,102000.0
2038,Diesel_S1_2037,1,Use,HVO,D3,102000.0
2038,Diesel_S1_2038,1,Use,HVO,D3,102000.0
2038,LNG_S1_2029,1,Use,LNG,D3,102000.0
2038,LNG_S1_2031,1,Use,LNG,D3,102000.0
2038,LNG_S1_2032,1,Use,LNG,D3,102000.0
2038,LNG_S1_2033,1,Use,LNG,D3,102000.0
2038,LNG_S1_2037,1,Use,LNG,D3,102000.0
2038,BEV_S1_2032,4,Use,Electricity,D4,102000.0
2038,BEV_S1_2034,1,Use,Electricity,D4,102000.0
2038,BEV_S1_2036,2,Use,Electricity,D4,102000.0
2038,BEV_S2_2030,5,Use,Electricity,D1,106000.0
2038,BEV_S2_2032,1,Use,Electricity,D1,106000.0
2038,BEV_S2_2033,1,Use,Electricity,D1,106000.0
2038,Diesel_S2_2034,1,Use,HVO,D1,106000.0
2038,Diesel_S2_2036,1,Use,HVO,D1,106000.0
2038,LNG_S2_2029,1,Use,LNG,D1,106000.0
2038,LNG_S2_2031,1,Use,LNG,D1,106000.0
2038,LNG_S2_2034,1,Use,LNG,D1,106000.0
2038,LNG_S2_2035,1,Use,LNG,D1,106000.0
2038,LNG_S2_2037,1,Use,LNG,D1,106000.0
2038,BEV_S2_2030,17,Use,Electricity,D2,106000.0
2038,BEV_S2_2035,1,Use,Electricity,D2,106000.0
2038,BEV_S2_2038,1,Use,Electricity,D2,106000.0
2038,Diesel_S2_2031,1,Use,HVO,D2,106000.0
2038,Diesel_S2_2038,1,Use,HVO,D2,106000.0
2038,BEV_S2_2029,1,Use,Electricity,D3,106000.0
2038,BEV_S2_2031,1,Use,Electricity,D3,106000.0
2038,BEV_S2_2036,1,Use,Electricity,D3,106000.0
2038,Diesel_S2_2032,1,Use,HVO,D3,106000.0
2038,Diesel_S2_2033,1,Use,HVO,D3,106000.0
2038,Diesel_S2_2035,1,Use,HVO,D3,106000.0
2038,Diesel_S2_2037,1,Use,HVO,D3,106000.0
2038,LNG_S2_2030,1,Use,LNG,D3,106000.0
2038,LNG_S2_2032,1,Use,LNG,D3,106000.0
2038,LNG_S2_2033,1,Use,LNG,D3,106000.0
2038,LNG_S2_2036,1,Use,LNG,D3,106000.0
2038,LNG_S2_2038,1,Use,LNG,D3,106000.0
2038,BEV_S2_2034,1,Use,Electricity,D4,106000.0
2038,BEV_S2_2037,1,Use,Electricity,D4,106000.0
2038,LNG_S4_2035,1,Use,LNG,D1,118000.0
2038,BEV_S4_2029,1,Use,Electricity,D2,118000.0
2038,BEV_S4_2030,1,Use,Electricity,D2,118000.0
2038,BEV_S4_2031,1,Use,Electricity,D2,118000.0
2038,BEV_S4_2032,1,Use,Electricity,D2,118000.0
2038,BEV_S4_2033,1,Use,Electricity,D2,118000.0
2038,BEV_S4_2034,1,Use,Electricity,D2,118000.0
2038,BEV_S4_2037,1,Use,Electricity,D2,118000.0
2038,BEV_S4_2038,1,Use,Electricity,D2,118000.0
2038,Diesel_S4_2038,1,Use,HVO,D2,118000.0
2038,LNG_S4_2038,1,Use,LNG,D2,118000.0
2038,BEV_S4_2035,1,Use,Electricity,D3,118000.0
2038,BEV_S4_2036,1,Use,Electricity,D3,118000.0
2038,LNG_S4_2034,1,Use,LNG,D4,118000.0
2038,BEV_S3_2032,40,Use,Electricity,D1,73000.0
2038,BEV_S3_2037,1,Use,Electricity,D1,73000.0
2038,LNG_S3_2029,3,Use,LNG,D1,73000.0
2038,LNG_S3_2030,1,Use,LNG,D1,73000.0
2038,BEV_S3_2030,1,Use,Electricity,D2,73000.0
2038,BEV_S3_2032,3,Use,Electricity,D2,73000.0
2038,BEV_S3_2033,24,Use,Electricity,D2,73000.0
2038,BEV_S3_2035,1,Use,Electricity,D2,73000.0
2038,BEV_S3_2036,1,Use,Electricity,D2,73000.0
2038,BEV_S3_2038,1,Use,Electricity,D2,73000.0
2038,Diesel_S3_2029,1,Use,HVO,D2,73000.0
2038,Diesel_S3_2030,1,Use,HVO,D2,73000.0
2038,Diesel_S3_2031,1,Use,HVO,D2,73000.0
2038,Diesel_S3_2032,1,Use,HVO,D2,73000.0
2038,Diesel_S3_2033,1,Use,HVO,D2,73000.0
2038,Diesel_S3_2034,1,Use,HVO,D2,73000.0
2038,Diesel_S3_2035,1,Use,HVO,D2,73000.0
2038,Diesel_S3_2036,1,Use,HVO,D2,73000.0
2038,Diesel_S3_2037,1,Use,HVO,D2,73000.0
2038,Diesel_S3_2038,3,Use,HVO,D2,73000.0
2038,LNG_S3_2032,1,Use,LNG,D2,73000.0
2038,LNG_S3_2034,1,Use,LNG,D2,73000.0
2038,LNG_S3_2038,1,Use,LNG,D2,73000.0
2038,BEV_S3_2029,1,Use,Electricity,D3,73000.0
2038,BEV_S3_2031,17,Use,Electricity,D3,73000.0
2038,BEV_S3_2033,1,Use,Electricity,D3,73000.0
2038,BEV_S3_2034,1,Use,Electricity,D3,73000.0
2038,LNG_S3_2031,1,Use,LNG,D4,73000.0
2038,LNG_S3_2033,1,Use,LNG,D4,73000.0
2038,LNG_S3_2035,1,Use,LNG,D4,73000.0
2038,LNG_S3_2036,1,Use,LNG,D4,73000.0
2038,LNG_S3_2037,1,Use,LNG,D4,73000.0
2023,BEV_S1_2023,1,Buy,,,0.0
2023,BEV_S2_2023,1,Buy,,,0.0
2023,BEV_S4_2023,1,Buy,,,0.0
2023,BEV_S4_2023,1,Sell,,,0.0
2023,BEV_S3_2023,1,Buy,,,0.0
2023,Diesel_S1_2023,1,Buy,,,0.0
2023,Diesel_S1_2023,1,Sell,,,0.0
2023,Diesel_S2_2023,3,Buy,,,0.0
2023,Diesel_S2_2023,3,Sell,,,0.0
2023,Diesel_S4_2023,2,Buy,,,0.0
2023,Diesel_S4_2023,2,Sell,,,0.0
2023,Diesel_S3_2023,1,Buy,,,0.0
2023,Diesel_S3_2023,1,Sell,,,0.0
2023,LNG_S1_2023,71,Buy,,,0.0
2023,LNG_S1_2023,1,Sell,,,0.0
2023,LNG_S2_2023,30,Buy,,,0.0
2023,LNG_S4_2023,8,Buy,,,0.0
2023,LNG_S3_2023,79,Buy,,,0.0
2024,BEV_S1_2024,1,Buy,,,0.0
2024,BEV_S2_2024,1,Buy,,,0.0
2024,BEV_S4_2024,1,Buy,,,0.0
2024,BEV_S4_2024,1,Sell,,,0.0
2024,BEV_S3_2024,1,Buy,,,0.0
2024,Diesel_S1_2024,1,Buy,,,0.0
2024,Diesel_S1_2024,1,Sell,,,0.0
2024,Diesel_S2_2024,1,Buy,,,0.0
2024,Diesel_S2_2024,1,Sell,,,0.0
2024,Diesel_S4_2024,1,Buy,,,0.0
2024,Diesel_S4_2024,1,Sell,,,0.0
2024,Diesel_S3_2024,1,Buy,,,0.0
2024,Diesel_S3_2024,1,Sell,,,0.0
2024,LNG_S1_2024,1,Buy,,,0.0
2024,LNG_S2_2023,1,Sell,,,0.0
2024,LNG_S2_2024,1,Buy,,,0.0
2024,LNG_S4_2023,1,Sell,,,0.0
2024,LNG_S4_2024,1,Buy,,,0.0
2024,LNG_S3_2024,1,Buy,,,0.0
2025,BEV_S1_2025,1,Buy,,,0.0
2025,BEV_S2_2025,1,Buy,,,0.0
2025,BEV_S4_2025,1,Buy,,,0.0
2025,BEV_S3_2025,1,Buy,,,0.0
2025,Diesel_S1_2025,1,Buy,,,0.0
2025,Diesel_S1_2025,1,Sell,,,0.0
2025,Diesel_S2_2025,1,Buy,,,0.0
2025,Diesel_S2_2025,1,Sell,,,0.0
2025,Diesel_S4_2025,1,Buy,,,0.0
2025,Diesel_S4_2025,1,Sell,,,0.0
2025,Diesel_S3_2025,1,Buy,,,0.0
2025,Diesel_S3_2025,1,Sell,,,0.0
2025,LNG_S1_2025,1,Buy,,,0.0
2025,LNG_S2_2023,1,Sell,,,0.0
2025,LNG_S2_2025,1,Buy,,,0.0
2025,LNG_S2_2025,1,Sell,,,0.0
2025,LNG_S4_2023,2,Sell,,,0.0
2025,LNG_S4_2025,1,Buy,,,0.0
2025,LNG_S3_2025,1,Buy,,,0.0
2026,BEV_S1_2026,1,Buy,,,0.0
2026,BEV_S2_2026,1,Buy,,,0.0
2026,BEV_S4_2026,1,Buy,,,0.0
2026,BEV_S3_2026,1,Buy,,,0.0
2026,Diesel_S1_2026,1,Buy,,,0.0
2026,Diesel_S2_2026,1,Buy,,,0.0
2026,Diesel_S2_2026,1,Sell,,,0.0
2026,Diesel_S4_2026,1,Buy,,,0.0
2026,Diesel_S4_2026,1,Sell,,,0.0
2026,Diesel_S3_2026,1,Buy,,,0.0
2026,Diesel_S3_2026,1,Sell,,,0.0
2026,LNG_S1_2026,1,Buy,,,0.0
2026,LNG_S2_2023,1,Sell,,,0.0
2026,LNG_S2_2026,1,Buy,,,0.0
2026,LNG_S4_2023,1,Sell,,,0.0
2026,LNG_S4_2026,1,Buy,,,0.0
2026,LNG_S3_2026,1,Buy,,,0.0
2027,BEV_S1_2027,1,Buy,,,0.0
2027,BEV_S2_2027,1,Buy,,,0.0
2027,BEV_S4_2027,1,Buy,,,0.0
2027,BEV_S3_2027,1,Buy,,,0.0
2027,Diesel_S1_2026,1,Sell,,,0.0
2027,Diesel_S1_2027,1,Buy,,,0.0
2027,Diesel_S2_2027,1,Buy,,,0.0
2027,Diesel_S2_2027,1,Sell,,,0.0
2027,Diesel_S4_2027,1,Buy,,,0.0
2027,Diesel_S4_2027,1,Sell,,,0.0
2027,Diesel_S3_2027,1,Buy,,,0.0
2027,Diesel_S3_2027,1,Sell,,,0.0
2027,LNG_S1_2027,1,Buy,,,0.0
2027,LNG_S2_2023,1,Sell,,,0.0
2027,LNG_S2_2027,1,Buy,,,0.0
2027,LNG_S4_2023,1,Sell,,,0.0
2027,LNG_S4_2025,1,Sell,,,0.0
2027,LNG_S4_2027,1,Buy,,,0.0
2027,LNG_S3_2027,1,Buy,,,0.0
2028,BEV_S1_2028,1,Buy,,,0.0
2028,BEV_S2_2028,1,Buy,,,0.0
2028,BEV_S4_2028,1,Buy,,,0.0
2028,BEV_S3_2028,1,Buy,,,0.0
2028,Diesel_S1_2027,1,Sell,,,0.0
2028,Diesel_S1_2028,1,Buy,,,0.0
2028,Diesel_S1_2028,1,Sell,,,0.0
2028,Diesel_S2_2028,1,Buy,,,0.0
2028,Diesel_S2_2028,1,Sell,,,0.0
2028,Diesel_S4_2028,1,Buy,,,0.0
2028,Diesel_S4_2028,1,Sell,,,0.0
2028,Diesel_S3_2028,1,Buy,,,0.0
2028,Diesel_S3_2028,1,Sell,,,0.0
2028,LNG_S1_2023,37,Sell,,,0.0
2028,LNG_S1_2028,1,Buy,,,0.0
2028,LNG_S2_2028,1,Buy,,,0.0
2028,LNG_S4_2023,1,Sell,,,0.0
2028,LNG_S4_2024,1,Sell,,,0.0
2028,LNG_S4_2028,1,Buy,,,0.0
2028,LNG_S3_2028,1,Buy,,,0.0
2029,BEV_S1_2029,40,Buy,,,0.0
2029,BEV_S2_2029,1,Buy,,,0.0
2029,BEV_S4_2029,1,Buy,,,0.0
2029,BEV_S3_2029,1,Buy,,,0.0
2029,Diesel_S1_2029,1,Buy,,,0.0
2029,Diesel_S1_2029,1,Sell,,,0.0
2029,Diesel_S2_2029,1,Buy,,,0.0
2029,Diesel_S2_2029,1,Sell,,,0.0
2029,Diesel_S4_2029,1,Buy,,,0.0
2029,Diesel_S4_2029,1,Sell,,,0.0
2029,Diesel_S3_2029,1,Buy,,,0.0
2029,LNG_S1_2023,13,Sell,,,0.0
2029,LNG_S1_2024,1,Sell,,,0.0
2029,LNG_S1_2025,1,Sell,,,0.0
2029,LNG_S1_2029,1,Buy,,,0.0
2029,LNG_S2_2023,23,Sell,,,0.0
2029,LNG_S2_2029,1,Buy,,,0.0
2029,LNG_S4_2023,2,Sell,,,0.0
2029,LNG_S4_2029,1,Buy,,,0.0
2029,LNG_S3_2023,3,Sell,,,0.0
2029,LNG_S3_2029,3,Buy,,,0.0
2030,BEV_S1_2030,15,Buy,,,0.0
2030,BEV_S2_2030,22,Buy,,,0.0
2030,BEV_S4_2030,1,Buy,,,0.0
2030,BEV_S3_2030,1,Buy,,,0.0
2030,Diesel_S1_2030,1,Buy,,,0.0
2030,Diesel_S1_2030,1,Sell,,,0.0
2030,Diesel_S2_2030,1,Buy,,,0.0
2030,Diesel_S2_2030,1,Sell,,,0.0
2030,Diesel_S4_2030,1,Buy,,,0.0
2030,Diesel_S4_2030,1,Sell,,,0.0
2030,Diesel_S3_2030,1,Buy,,,0.0
2030,LNG_S1_2023,20,Sell,,,0.0
2030,LNG_S1_2026,1,Sell,,,0.0
2030,LNG_S1_2030,1,Buy,,,0.0
2030,LNG_S2_2023,1,Sell,,,0.0
2030,LNG_S2_2024,1,Sell,,,0.0
2030,LNG_S2_2030,1,Buy,,,0.0
2030,LNG_S4_2026,1,Sell,,,0.0
2030,LNG_S4_2027,1,Sell,,,0.0
2030,LNG_S4_2030,1,Buy,,,0.0
2030,LNG_S3_2023,18,Sell,,,0.0
2030,LNG_S3_2030,1,Buy,,,0.0
2031,BEV_S1_2031,23,Buy,,,0.0
2031,BEV_S2_2031,1,Buy,,,0.0
2031,BEV_S4_2031,1,Buy,,,0.0
2031,BEV_S3_2031,17,Buy,,,0.0
2031,Diesel_S1_2031,1,Buy,,,0.0
2031,Diesel_S1_2031,1,Sell,,,0.0
2031,Diesel_S2_2031,1,Buy,,,0.0
2031,Diesel_S4_2031,1,Buy,,,0.0
2031,Diesel_S4_2031,1,Sell,,,0.0
2031,Diesel_S3_2031,1,Buy,,,0.0
2031,LNG_S1_2027,1,Sell,,,0.0
2031,LNG_S1_2028,1,Sell,,,0.0
2031,LNG_S1_2031,1,Buy,,,0.0
2031,LNG_S2_2023,1,Sell,,,0.0
2031,LNG_S2_2031,1,Buy,,,0.0
2031,LNG_S4_2028,1,Sell,,,0.0
2031,LNG_S4_2031,1,Buy,,,0.0
2031,LNG_S3_2023,39,Sell,,,0.0
2031,LNG_S3_2024,1,Sell,,,0.0
2031,LNG_S3_2025,1,Sell,,,0.0
2031,LNG_S3_2031,1,Buy,,,0.0
2032,BEV_S1_2023,1,Sell,,,0.0
2032,BEV_S1_2024,1,Sell,,,0.0
2032,BEV_S1_2032,4,Buy,,,0.0
2032,BEV_S2_2023,1,Sell,,,0.0
2032,BEV_S2_2032,1,Buy,,,0.0
2032,BEV_S4_2032,1,Buy,,,0.0
2032,BEV_S3_2023,1,Sell,,,0.0
2032,BEV_S3_2024,1,Sell,,,0.0
2032,BEV_S3_2025,1,Sell,,,0.0
2032,BEV_S3_2032,43,Buy,,,0.0
2032,Diesel_S1_2032,1,Buy,,,0.0
2032,Diesel_S1_2032,1,Sell,,,0.0
2032,Diesel_S2_2032,1,Buy,,,0.0
2032,Diesel_S4_2032,1,Buy,,,0.0
2032,Diesel_S4_2032,1,Sell,,,0.0
2032,Diesel_S3_2032,1,Buy,,,0.0
2032,LNG_S1_2032,1,Buy,,,0.0
2032,LNG_S2_2023,1,Sell,,,0.0
2032,LNG_S2_2032,1,Buy,,,0.0
2032,LNG_S4_2029,1,Sell,,,0.0
2032,LNG_S4_2032,1,Buy,,,0.0
2032,LNG_S4_2032,1,Sell,,,0.0
2032,LNG_S3_2023,19,Sell,,,0.0
2032,LNG_S3_2026,1,Sell,,,0.0
2032,LNG_S3_2027,1,Sell,,,0.0
2032,LNG_S3_2028,1,Sell,,,0.0
2032,LNG_S3_2032,1,Buy,,,0.0
2033,BEV_S1_2025,1,Sell,,,0.0
2033,BEV_S1_2033,3,Buy,,,0.0
2033,BEV_S2_2024,1,Sell,,,0.0
2033,BEV_S2_2033,1,Buy,,,0.0
2033,BEV_S4_2033,1,Buy,,,0.0
2033,BEV_S3_2033,25,Buy,,,0.0
2033,Diesel_S1_2033,1,Buy,,,0.0
2033,Diesel_S2_2033,1,Buy,,,0.0
2033,Diesel_S4_2033,1,Buy,,,0.0
2033,Diesel_S4_2033,1,Sell,,,0.0
2033,Diesel_S3_2033,1,Buy,,,0.0
2033,LNG_S1_2033,1,Buy,,,0.0
2033,LNG_S2_2026,1,Sell,,,0.0
2033,LNG_S2_2033,1,Buy,,,0.0
2033,LNG_S4_2030,1,Sell,,,0.0
2033,LNG_S4_2031,1,Sell,,,0.0
2033,LNG_S4_2033,1,Buy,,,0.0
2033,LNG_S3_2033,1,Buy,,,0.0
2034,BEV_S1_2026,1,Sell,,,0.0
2034,BEV_S1_2027,1,Sell,,,0.0
2034,BEV_S1_2034,1,Buy,,,0.0
2034,BEV_S2_2025,1,Sell,,,0.0
2034,BEV_S2_2034,1,Buy,,,0.0
2034,BEV_S4_2025,1,Sell,,,0.0
2034,BEV_S4_2034,1,Buy,,,0.0
2034,BEV_S3_2034,1,Buy,,,0.0
2034,Diesel_S1_2034,1,Buy,,,0.0
2034,Diesel_S2_2034,1,Buy,,,0.0
2034,Diesel_S4_2034,1,Buy,,,0.0
2034,Diesel_S4_2034,1,Sell,,,0.0
2034,Diesel_S3_2034,1,Buy,,,0.0
2034,LNG_S1_2034,1,Buy,,,0.0
2034,LNG_S2_2027,1,Sell,,,0.0
2034,LNG_S2_2034,1,Buy,,,0.0
2034,LNG_S4_2034,1,Buy,,,0.0
2034,LNG_S3_2034,1,Buy,,,0.0
2035,BEV_S1_2035,1,Buy,,,0.0
2035,BEV_S2_2026,1,Sell,,,0.0
2035,BEV_S2_2035,1,Buy,,,0.0
2035,BEV_S4_2026,1,Sell,,,0.0
2035,BEV_S4_2035,1,Buy,,,0.0
2035,BEV_S3_2026,1,Sell,,,0.0
2035,BEV_S3_2027,1,Sell,,,0.0
2035,BEV_S3_2035,1,Buy,,,0.0
2035,Diesel_S1_2035,1,Buy,,,0.0
2035,Diesel_S2_2035,1,Buy,,,0.0
2035,Diesel_S4_2035,1,Buy,,,0.0
2035,Diesel_S4_2035,1,Sell,,,0.0
2035,Diesel_S3_2035,1,Buy,,,0.0
2035,LNG_S1_2035,1,Buy,,,0.0
2035,LNG_S2_2035,1,Buy,,,0.0
2035,LNG_S4_2033,1,Sell,,,0.0
2035,LNG_S4_2035,1,Buy,,,0.0
2035,LNG_S3_2035,1,Buy,,,0.0
2036,BEV_S1_2028,1,Sell,,,0.0
2036,BEV_S1_2036,2,Buy,,,0.0
2036,BEV_S2_2027,1,Sell,,,0.0
2036,BEV_S2_2036,1,Buy,,,0.0
2036,BEV_S4_2027,1,Sell,,,0.0
2036,BEV_S4_2036,1,Buy,,,0.0
2036,BEV_S3_2036,1,Buy,,,0.0
2036,Diesel_S1_2036,1,Buy,,,0.0
2036,Diesel_S2_2036,1,Buy,,,0.0
2036,Diesel_S4_2036,1,Buy,,,0.0
2036,Diesel_S4_2036,1,Sell,,,0.0
2036,Diesel_S3_2036,1,Buy,,,0.0
2036,LNG_S1_2036,1,Buy,,,0.0
2036,LNG_S2_2028,1,Sell,,,0.0
2036,LNG_S2_2036,1,Buy,,,0.0
2036,LNG_S4_2036,1,Buy,,,0.0
2036,LNG_S4_2036,1,Sell,,,0.0
2036,LNG_S3_2036,1,Buy,,,0.0
2037,BEV_S1_2037,1,Buy,,,0.0
2037,BEV_S2_2028,1,Sell,,,0.0
2037,BEV_S2_2037,1,Buy,,,0.0
2037,BEV_S4_2028,1,Sell,,,0.0
2037,BEV_S4_2037,1,Buy,,,0.0
2037,BEV_S3_2028,1,Sell,,,0.0
2037,BEV_S3_2037,1,Buy,,,0.0
2037,Diesel_S1_2037,1,Buy,,,0.0
2037,Diesel_S2_2037,1,Buy,,,0.0
2037,Diesel_S4_2037,1,Buy,,,0.0
2037,Diesel_S4_2037,1,Sell,,,0.0
2037,Diesel_S3_2037,1,Buy,,,0.0
2037,LNG_S1_2037,1,Buy,,,0.0
2037,LNG_S2_2037,1,Buy,,,0.0
2037,LNG_S4_2037,1,Buy,,,0.0
2037,LNG_S4_2037,1,Sell,,,0.0
2037,LNG_S3_2037,1,Buy,,,0.0
2038,BEV_S1_2038,2,Buy,,,0.0
2038,BEV_S2_2038,1,Buy,,,0.0
2038,BEV_S4_2038,1,Buy,,,0.0
2038,BEV_S3_2038,1,Buy,,,0.0
2038,Diesel_S1_2038,1,Buy,,,0.0
2038,Diesel_S2_2038,1,Buy,,,0.0
2038,Diesel_S4_2038,1,Buy,,,0.0
2038,Diesel_S3_2038,3,Buy,,,0.0
2038,LNG_S1_2038,1,Buy,,,0.0
2038,LNG_S2_2038,1,Buy,,,0.0
2038,LNG_S4_2038,1,Buy,,,0.0
2038,LNG_S3_2038,1,Buy,,,0.0
